areaCode,areaName,areaType,date,newCasesByPublishDate,newDeaths28DaysByDeathDate,newPeopleVaccinatedSecondDoseByPublishDate,newPeopleVaccinatedThirdInjectionByPublishDate
E12000003,Yorkshire and The Humber,region,2023-04-13,1468,,,
E12000003,Yorkshire and The Humber,region,2023-04-12,0,,0,-336
E12000003,Yorkshire and The Humber,region,2023-04-11,0,,0,-21
E12000003,Yorkshire and The Humber,region,2023-04-10,0,8,0,-63
E12000003,Yorkshire and The Humber,region,2023-04-09,0,10,0,-396
E12000003,Yorkshire and The Humber,region,2023-04-08,0,8,0,0
E12000003,Yorkshire and The Humber,region,2023-04-07,0,8,0,0
E12000003,Yorkshire and The Humber,region,2023-04-06,1904,6,0,-267
E12000003,Yorkshire and The Humber,region,2023-04-05,0,6,0,-187
E12000003,Yorkshire and The Humber,region,2023-04-04,0,15,0,-239
E12000003,Yorkshire and The Humber,region,2023-04-03,0,14,8,-23
E12000003,Yorkshire and The Humber,region,2023-04-02,0,7,0,-454
E12000003,Yorkshire and The Humber,region,2023-04-01,0,7,0,0
E12000003,Yorkshire and The Humber,region,2023-03-31,0,13,0,0
E12000003,Yorkshire and The Humber,region,2023-03-30,2731,20,0,-242
E12000003,Yorkshire and The Humber,region,2023-03-29,0,20,0,-213
E12000003,Yorkshire and The Humber,region,2023-03-28,0,18,0,-258
E12000003,Yorkshire and The Humber,region,2023-03-27,0,11,0,-55
E12000003,Yorkshire and The Humber,region,2023-03-26,0,15,0,-490
E12000003,Yorkshire and The Humber,region,2023-03-25,0,12,0,0
E12000003,Yorkshire and The Humber,region,2023-03-24,0,13,0,0
E12000003,Yorkshire and The Humber,region,2023-03-23,3011,12,0,-195
E12000003,Yorkshire and The Humber,region,2023-03-22,0,18,0,-243
E12000003,Yorkshire and The Humber,region,2023-03-21,0,20,0,-275
E12000003,Yorkshire and The Humber,region,2023-03-20,0,11,0,0
E12000003,Yorkshire and The Humber,region,2023-03-19,0,11,0,-959
E12000003,Yorkshire and The Humber,region,2023-03-18,0,13,0,0
E12000003,Yorkshire and The Humber,region,2023-03-17,0,19,0,0
E12000003,Yorkshire and The Humber,region,2023-03-16,3134,13,0,0
E12000003,Yorkshire and The Humber,region,2023-03-15,0,16,0,0
E12000003,Yorkshire and The Humber,region,2023-03-14,0,9,0,-266
E12000003,Yorkshire and The Humber,region,2023-03-13,0,11,0,-74
E12000003,Yorkshire and The Humber,region,2023-03-12,0,21,0,-577
E12000003,Yorkshire and The Humber,region,2023-03-11,0,10,0,0
E12000003,Yorkshire and The Humber,region,2023-03-10,0,12,0,0
E12000003,Yorkshire and The Humber,region,2023-03-09,2954,12,0,-150
E12000003,Yorkshire and The Humber,region,2023-03-08,0,11,0,-215
E12000003,Yorkshire and The Humber,region,2023-03-07,0,12,0,-265
E12000003,Yorkshire and The Humber,region,2023-03-06,0,17,0,-72
E12000003,Yorkshire and The Humber,region,2023-03-05,0,21,0,-505
E12000003,Yorkshire and The Humber,region,2023-03-04,0,7,0,0
E12000003,Yorkshire and The Humber,region,2023-03-03,0,13,0,0
E12000003,Yorkshire and The Humber,region,2023-03-02,2596,18,0,-216
E12000003,Yorkshire and The Humber,region,2023-03-01,0,12,0,-172
E12000003,Yorkshire and The Humber,region,2023-02-28,0,16,0,-227
E12000003,Yorkshire and The Humber,region,2023-02-27,0,10,0,-43
E12000003,Yorkshire and The Humber,region,2023-02-26,0,8,0,-531
E12000003,Yorkshire and The Humber,region,2023-02-25,0,9,0,0
E12000003,Yorkshire and The Humber,region,2023-02-24,0,15,0,0
E12000003,Yorkshire and The Humber,region,2023-02-23,2921,7,0,-211
E12000003,Yorkshire and The Humber,region,2023-02-22,0,9,0,-253
E12000003,Yorkshire and The Humber,region,2023-02-21,0,11,0,-267
E12000003,Yorkshire and The Humber,region,2023-02-20,0,12,0,0
E12000003,Yorkshire and The Humber,region,2023-02-19,0,11,0,-507
E12000003,Yorkshire and The Humber,region,2023-02-18,0,9,0,0
E12000003,Yorkshire and The Humber,region,2023-02-17,0,9,0,0
E12000003,Yorkshire and The Humber,region,2023-02-16,2231,5,0,-229
E12000003,Yorkshire and The Humber,region,2023-02-15,0,10,0,-144
E12000003,Yorkshire and The Humber,region,2023-02-14,0,14,0,-257
E12000003,Yorkshire and The Humber,region,2023-02-13,0,6,0,-33
E12000003,Yorkshire and The Humber,region,2023-02-12,0,13,0,-104
E12000003,Yorkshire and The Humber,region,2023-02-11,0,17,0,0
E12000003,Yorkshire and The Humber,region,2023-02-10,0,15,0,0
E12000003,Yorkshire and The Humber,region,2023-02-09,1994,9,0,-370
E12000003,Yorkshire and The Humber,region,2023-02-08,0,12,0,0
E12000003,Yorkshire and The Humber,region,2023-02-07,0,8,0,0
E12000003,Yorkshire and The Humber,region,2023-02-06,0,9,0,0
E12000003,Yorkshire and The Humber,region,2023-02-05,0,11,0,0
E12000003,Yorkshire and The Humber,region,2023-02-04,0,5,0,0
E12000003,Yorkshire and The Humber,region,2023-02-03,0,11,0,0
E12000003,Yorkshire and The Humber,region,2023-02-02,2023,5,0,-110
E12000003,Yorkshire and The Humber,region,2023-02-01,0,17,0,-145
E12000003,Yorkshire and The Humber,region,2023-01-31,0,11,0,-235
E12000003,Yorkshire and The Humber,region,2023-01-30,0,11,42,27
E12000003,Yorkshire and The Humber,region,2023-01-29,0,6,0,-313
E12000003,Yorkshire and The Humber,region,2023-01-28,0,8,0,0
E12000003,Yorkshire and The Humber,region,2023-01-27,0,13,0,0
E12000003,Yorkshire and The Humber,region,2023-01-26,1542,6,0,-140
E12000003,Yorkshire and The Humber,region,2023-01-25,0,14,0,-157
E12000003,Yorkshire and The Humber,region,2023-01-24,0,13,0,-159
E12000003,Yorkshire and The Humber,region,2023-01-23,0,9,0,-7
E12000003,Yorkshire and The Humber,region,2023-01-22,0,12,0,-421
E12000003,Yorkshire and The Humber,region,2023-01-21,0,14,0,0
E12000003,Yorkshire and The Humber,region,2023-01-20,0,14,0,0
E12000003,Yorkshire and The Humber,region,2023-01-19,1466,16,0,-245
E12000003,Yorkshire and The Humber,region,2023-01-18,0,13,0,-177
E12000003,Yorkshire and The Humber,region,2023-01-17,0,7,0,-215
E12000003,Yorkshire and The Humber,region,2023-01-16,0,13,0,-5
E12000003,Yorkshire and The Humber,region,2023-01-15,0,12,0,-736
E12000003,Yorkshire and The Humber,region,2023-01-14,0,13,0,0
E12000003,Yorkshire and The Humber,region,2023-01-13,0,17,0,0
E12000003,Yorkshire and The Humber,region,2023-01-12,2455,12,70,71
E12000003,Yorkshire and The Humber,region,2023-01-11,0,16,0,-146
E12000003,Yorkshire and The Humber,region,2023-01-10,0,12,0,-300
E12000003,Yorkshire and The Humber,region,2023-01-09,0,14,0,-2
E12000003,Yorkshire and The Humber,region,2023-01-08,0,10,0,-718
E12000003,Yorkshire and The Humber,region,2023-01-07,0,14,0,0
E12000003,Yorkshire and The Humber,region,2023-01-06,0,15,0,0
E12000003,Yorkshire and The Humber,region,2023-01-05,3236,13,0,-562
E12000003,Yorkshire and The Humber,region,2023-01-04,0,20,0,0
E12000003,Yorkshire and The Humber,region,2023-01-03,0,16,0,-637
E12000003,Yorkshire and The Humber,region,2023-01-02,0,5,0,0
E12000003,Yorkshire and The Humber,region,2023-01-01,0,17,0,0
E12000003,Yorkshire and The Humber,region,2022-12-31,0,18,0,0
E12000003,Yorkshire and The Humber,region,2022-12-30,0,14,0,0
E12000003,Yorkshire and The Humber,region,2022-12-29,2917,5,0,-435
E12000003,Yorkshire and The Humber,region,2022-12-28,0,13,50,23
E12000003,Yorkshire and The Humber,region,2022-12-27,0,8,0,-49
E12000003,Yorkshire and The Humber,region,2022-12-26,0,11,0,-78
E12000003,Yorkshire and The Humber,region,2022-12-25,0,12,0,-622
E12000003,Yorkshire and The Humber,region,2022-12-24,0,12,0,0
E12000003,Yorkshire and The Humber,region,2022-12-23,0,14,0,0
E12000003,Yorkshire and The Humber,region,2022-12-22,3203,12,0,-258
E12000003,Yorkshire and The Humber,region,2022-12-21,0,8,0,-792
E12000003,Yorkshire and The Humber,region,2022-12-20,0,21,0,0
E12000003,Yorkshire and The Humber,region,2022-12-19,0,11,0,0
E12000003,Yorkshire and The Humber,region,2022-12-18,0,11,0,0
E12000003,Yorkshire and The Humber,region,2022-12-17,0,8,0,0
E12000003,Yorkshire and The Humber,region,2022-12-16,0,12,0,0
E12000003,Yorkshire and The Humber,region,2022-12-15,2512,10,0,0
E12000003,Yorkshire and The Humber,region,2022-12-14,0,4,7475,6072
E12000003,Yorkshire and The Humber,region,2022-12-13,0,6,0,0
E12000003,Yorkshire and The Humber,region,2022-12-12,0,7,0,0
E12000003,Yorkshire and The Humber,region,2022-12-11,0,12,0,0
E12000003,Yorkshire and The Humber,region,2022-12-10,0,7,0,0
E12000003,Yorkshire and The Humber,region,2022-12-09,0,9,0,0
E12000003,Yorkshire and The Humber,region,2022-12-08,2118,9,0,0
E12000003,Yorkshire and The Humber,region,2022-12-07,0,5,0,-59
E12000003,Yorkshire and The Humber,region,2022-12-06,0,8,0,-157
E12000003,Yorkshire and The Humber,region,2022-12-05,0,5,0,-130
E12000003,Yorkshire and The Humber,region,2022-12-04,0,7,0,0
E12000003,Yorkshire and The Humber,region,2022-12-03,0,6,0,0
E12000003,Yorkshire and The Humber,region,2022-12-02,0,6,0,0
E12000003,Yorkshire and The Humber,region,2022-12-01,1956,6,0,0
E12000003,Yorkshire and The Humber,region,2022-11-30,0,3,0,288
E12000003,Yorkshire and The Humber,region,2022-11-29,0,5,0,0
E12000003,Yorkshire and The Humber,region,2022-11-28,0,5,0,0
E12000003,Yorkshire and The Humber,region,2022-11-27,0,5,0,0
E12000003,Yorkshire and The Humber,region,2022-11-26,0,4,0,0
E12000003,Yorkshire and The Humber,region,2022-11-25,0,6,0,0
E12000003,Yorkshire and The Humber,region,2022-11-24,1739,6,0,0
E12000003,Yorkshire and The Humber,region,2022-11-23,0,10,0,714
E12000003,Yorkshire and The Humber,region,2022-11-22,0,2,0,0
E12000003,Yorkshire and The Humber,region,2022-11-21,0,10,0,0
E12000003,Yorkshire and The Humber,region,2022-11-20,0,5,0,0
E12000003,Yorkshire and The Humber,region,2022-11-19,0,6,0,0
E12000003,Yorkshire and The Humber,region,2022-11-18,0,8,0,0
E12000003,Yorkshire and The Humber,region,2022-11-17,1934,9,0,0
E12000003,Yorkshire and The Humber,region,2022-11-16,0,8,0,1293
E12000003,Yorkshire and The Humber,region,2022-11-15,0,7,0,0
E12000003,Yorkshire and The Humber,region,2022-11-14,0,6,0,0
E12000003,Yorkshire and The Humber,region,2022-11-13,0,12,0,0
E12000003,Yorkshire and The Humber,region,2022-11-12,0,8,0,0
E12000003,Yorkshire and The Humber,region,2022-11-11,0,12,0,0
E12000003,Yorkshire and The Humber,region,2022-11-10,1919,10,0,0
E12000003,Yorkshire and The Humber,region,2022-11-09,0,9,0,1048
E12000003,Yorkshire and The Humber,region,2022-11-08,0,10,0,0
E12000003,Yorkshire and The Humber,region,2022-11-07,0,11,0,0
E12000003,Yorkshire and The Humber,region,2022-11-06,0,9,0,0
E12000003,Yorkshire and The Humber,region,2022-11-05,0,7,0,0
E12000003,Yorkshire and The Humber,region,2022-11-04,0,7,0,0
E12000003,Yorkshire and The Humber,region,2022-11-03,2494,16,0,0
E12000003,Yorkshire and The Humber,region,2022-11-02,0,7,0,1917
E12000003,Yorkshire and The Humber,region,2022-11-01,0,10,0,0
E12000003,Yorkshire and The Humber,region,2022-10-31,0,18,0,0
E12000003,Yorkshire and The Humber,region,2022-10-30,0,11,0,0
E12000003,Yorkshire and The Humber,region,2022-10-29,0,12,0,0
E12000003,Yorkshire and The Humber,region,2022-10-28,0,12,0,0
E12000003,Yorkshire and The Humber,region,2022-10-27,3694,13,0,0
E12000003,Yorkshire and The Humber,region,2022-10-26,0,21,0,2561
E12000003,Yorkshire and The Humber,region,2022-10-25,0,12,0,0
E12000003,Yorkshire and The Humber,region,2022-10-24,0,17,0,0
E12000003,Yorkshire and The Humber,region,2022-10-23,0,15,0,0
E12000003,Yorkshire and The Humber,region,2022-10-22,0,23,0,0
E12000003,Yorkshire and The Humber,region,2022-10-21,0,11,0,0
E12000003,Yorkshire and The Humber,region,2022-10-20,5082,15,0,0
E12000003,Yorkshire and The Humber,region,2022-10-19,0,16,0,2886
E12000003,Yorkshire and The Humber,region,2022-10-18,0,13,0,0
E12000003,Yorkshire and The Humber,region,2022-10-17,0,14,0,0
E12000003,Yorkshire and The Humber,region,2022-10-16,0,21,0,0
E12000003,Yorkshire and The Humber,region,2022-10-15,0,14,0,0
E12000003,Yorkshire and The Humber,region,2022-10-14,0,12,0,0
E12000003,Yorkshire and The Humber,region,2022-10-13,5915,13,0,0
E12000003,Yorkshire and The Humber,region,2022-10-12,0,14,0,2114
E12000003,Yorkshire and The Humber,region,2022-10-11,0,14,0,0
E12000003,Yorkshire and The Humber,region,2022-10-10,0,14,0,0
E12000003,Yorkshire and The Humber,region,2022-10-09,0,16,0,0
E12000003,Yorkshire and The Humber,region,2022-10-08,0,14,0,0
E12000003,Yorkshire and The Humber,region,2022-10-07,0,18,0,0
E12000003,Yorkshire and The Humber,region,2022-10-06,6152,18,0,0
E12000003,Yorkshire and The Humber,region,2022-10-05,0,13,799,2504
E12000003,Yorkshire and The Humber,region,2022-10-04,0,14,0,0
E12000003,Yorkshire and The Humber,region,2022-10-03,0,12,0,0
E12000003,Yorkshire and The Humber,region,2022-10-02,0,14,0,0
E12000003,Yorkshire and The Humber,region,2022-10-01,0,15,0,0
E12000003,Yorkshire and The Humber,region,2022-09-30,0,8,0,0
E12000003,Yorkshire and The Humber,region,2022-09-29,4844,16,0,0
E12000003,Yorkshire and The Humber,region,2022-09-28,0,9,1220,2469
E12000003,Yorkshire and The Humber,region,2022-09-27,0,11,0,0
E12000003,Yorkshire and The Humber,region,2022-09-26,0,13,0,0
E12000003,Yorkshire and The Humber,region,2022-09-25,0,5,0,0
E12000003,Yorkshire and The Humber,region,2022-09-24,0,7,0,0
E12000003,Yorkshire and The Humber,region,2022-09-23,0,10,0,0
E12000003,Yorkshire and The Humber,region,2022-09-22,3352,7,0,0
E12000003,Yorkshire and The Humber,region,2022-09-21,0,5,770,1749
E12000003,Yorkshire and The Humber,region,2022-09-20,0,7,0,0
E12000003,Yorkshire and The Humber,region,2022-09-19,0,8,0,0
E12000003,Yorkshire and The Humber,region,2022-09-18,0,6,0,0
E12000003,Yorkshire and The Humber,region,2022-09-17,0,6,0,0
E12000003,Yorkshire and The Humber,region,2022-09-16,0,4,0,0
E12000003,Yorkshire and The Humber,region,2022-09-15,2531,6,0,0
E12000003,Yorkshire and The Humber,region,2022-09-14,0,5,0,605
E12000003,Yorkshire and The Humber,region,2022-09-13,0,11,0,0
E12000003,Yorkshire and The Humber,region,2022-09-12,0,8,0,0
E12000003,Yorkshire and The Humber,region,2022-09-11,0,7,0,0
E12000003,Yorkshire and The Humber,region,2022-09-10,0,6,0,0
E12000003,Yorkshire and The Humber,region,2022-09-09,0,8,0,0
E12000003,Yorkshire and The Humber,region,2022-09-08,1851,6,0,0
E12000003,Yorkshire and The Humber,region,2022-09-07,0,10,0,522
E12000003,Yorkshire and The Humber,region,2022-09-06,0,6,0,0
E12000003,Yorkshire and The Humber,region,2022-09-05,0,10,0,0
E12000003,Yorkshire and The Humber,region,2022-09-04,0,11,0,0
E12000003,Yorkshire and The Humber,region,2022-09-03,0,7,0,0
E12000003,Yorkshire and The Humber,region,2022-09-02,0,4,0,0
E12000003,Yorkshire and The Humber,region,2022-09-01,0,4,0,0
E12000003,Yorkshire and The Humber,region,2022-08-31,2440,11,0,0
E12000003,Yorkshire and The Humber,region,2022-08-30,0,4,416,1209
E12000003,Yorkshire and The Humber,region,2022-08-29,0,6,0,0
E12000003,Yorkshire and The Humber,region,2022-08-28,0,4,0,0
E12000003,Yorkshire and The Humber,region,2022-08-27,0,8,0,0
E12000003,Yorkshire and The Humber,region,2022-08-26,0,6,0,0
E12000003,Yorkshire and The Humber,region,2022-08-25,0,6,0,0
E12000003,Yorkshire and The Humber,region,2022-08-24,2564,8,0,0
E12000003,Yorkshire and The Humber,region,2022-08-23,0,9,352,1402
E12000003,Yorkshire and The Humber,region,2022-08-22,0,7,0,0
E12000003,Yorkshire and The Humber,region,2022-08-21,0,9,0,0
E12000003,Yorkshire and The Humber,region,2022-08-20,0,9,0,0
E12000003,Yorkshire and The Humber,region,2022-08-19,0,4,0,0
E12000003,Yorkshire and The Humber,region,2022-08-18,0,11,0,0
E12000003,Yorkshire and The Humber,region,2022-08-17,1957,10,0,0
E12000003,Yorkshire and The Humber,region,2022-08-16,0,10,583,1621
E12000003,Yorkshire and The Humber,region,2022-08-15,0,14,0,0
E12000003,Yorkshire and The Humber,region,2022-08-14,0,7,0,0
E12000003,Yorkshire and The Humber,region,2022-08-13,0,9,0,0
E12000003,Yorkshire and The Humber,region,2022-08-12,0,14,0,0
E12000003,Yorkshire and The Humber,region,2022-08-11,0,19,0,0
E12000003,Yorkshire and The Humber,region,2022-08-10,4631,10,0,0
E12000003,Yorkshire and The Humber,region,2022-08-09,0,13,924,1992
E12000003,Yorkshire and The Humber,region,2022-08-08,0,10,0,0
E12000003,Yorkshire and The Humber,region,2022-08-07,0,10,0,0
E12000003,Yorkshire and The Humber,region,2022-08-06,0,14,0,0
E12000003,Yorkshire and The Humber,region,2022-08-05,0,15,0,0
E12000003,Yorkshire and The Humber,region,2022-08-04,0,9,0,0
E12000003,Yorkshire and The Humber,region,2022-08-03,6057,16,0,0
E12000003,Yorkshire and The Humber,region,2022-08-02,0,21,1779,2499
E12000003,Yorkshire and The Humber,region,2022-08-01,0,15,0,0
E12000003,Yorkshire and The Humber,region,2022-07-31,0,17,0,0
E12000003,Yorkshire and The Humber,region,2022-07-30,0,15,0,0
E12000003,Yorkshire and The Humber,region,2022-07-29,0,20,0,0
E12000003,Yorkshire and The Humber,region,2022-07-28,0,11,0,0
E12000003,Yorkshire and The Humber,region,2022-07-27,8049,10,0,0
E12000003,Yorkshire and The Humber,region,2022-07-26,0,11,1608,2627
E12000003,Yorkshire and The Humber,region,2022-07-25,0,13,0,0
E12000003,Yorkshire and The Humber,region,2022-07-24,0,19,0,0
E12000003,Yorkshire and The Humber,region,2022-07-23,0,14,0,0
E12000003,Yorkshire and The Humber,region,2022-07-22,0,6,0,0
E12000003,Yorkshire and The Humber,region,2022-07-21,0,22,0,0
E12000003,Yorkshire and The Humber,region,2022-07-20,11269,27,0,0
E12000003,Yorkshire and The Humber,region,2022-07-19,0,33,2012,2769
E12000003,Yorkshire and The Humber,region,2022-07-18,0,17,0,0
E12000003,Yorkshire and The Humber,region,2022-07-17,0,15,0,0
E12000003,Yorkshire and The Humber,region,2022-07-16,0,10,0,0
E12000003,Yorkshire and The Humber,region,2022-07-15,0,11,0,0
E12000003,Yorkshire and The Humber,region,2022-07-14,0,19,0,0
E12000003,Yorkshire and The Humber,region,2022-07-13,14875,14,0,0
E12000003,Yorkshire and The Humber,region,2022-07-12,0,19,1973,2847
E12000003,Yorkshire and The Humber,region,2022-07-11,0,14,0,0
E12000003,Yorkshire and The Humber,region,2022-07-10,0,13,0,0
E12000003,Yorkshire and The Humber,region,2022-07-09,0,8,0,0
E12000003,Yorkshire and The Humber,region,2022-07-08,0,10,0,0
E12000003,Yorkshire and The Humber,region,2022-07-07,0,11,0,0
E12000003,Yorkshire and The Humber,region,2022-07-06,9853,12,0,0
E12000003,Yorkshire and The Humber,region,2022-07-05,0,5,1982,2162
E12000003,Yorkshire and The Humber,region,2022-07-04,0,16,0,0
E12000003,Yorkshire and The Humber,region,2022-07-03,0,8,0,0
E12000003,Yorkshire and The Humber,region,2022-07-02,0,10,0,0
E12000003,Yorkshire and The Humber,region,2022-07-01,1721,13,0,0
E12000003,Yorkshire and The Humber,region,2022-06-30,1868,9,126,356
E12000003,Yorkshire and The Humber,region,2022-06-29,1905,4,191,413
E12000003,Yorkshire and The Humber,region,2022-06-28,1678,7,3,290
E12000003,Yorkshire and The Humber,region,2022-06-27,3918,4,411,626
E12000003,Yorkshire and The Humber,region,2022-06-26,0,2,979,1450
E12000003,Yorkshire and The Humber,region,2022-06-25,0,6,0,0
E12000003,Yorkshire and The Humber,region,2022-06-24,1330,4,0,0
E12000003,Yorkshire and The Humber,region,2022-06-23,1394,9,34,311
E12000003,Yorkshire and The Humber,region,2022-06-22,1386,4,264,481
E12000003,Yorkshire and The Humber,region,2022-06-21,1345,3,198,430
E12000003,Yorkshire and The Humber,region,2022-06-20,3057,6,479,683
E12000003,Yorkshire and The Humber,region,2022-06-19,0,3,764,1367
E12000003,Yorkshire and The Humber,region,2022-06-18,0,3,0,0
E12000003,Yorkshire and The Humber,region,2022-06-17,985,8,0,0
E12000003,Yorkshire and The Humber,region,2022-06-16,1057,7,61,406
E12000003,Yorkshire and The Humber,region,2022-06-15,1071,6,125,396
E12000003,Yorkshire and The Humber,region,2022-06-14,977,2,0,381
E12000003,Yorkshire and The Humber,region,2022-06-13,2188,4,382,656
E12000003,Yorkshire and The Humber,region,2022-06-12,0,2,1133,1719
E12000003,Yorkshire and The Humber,region,2022-06-11,0,1,0,0
E12000003,Yorkshire and The Humber,region,2022-06-10,704,5,0,0
E12000003,Yorkshire and The Humber,region,2022-06-09,778,2,328,748
E12000003,Yorkshire and The Humber,region,2022-06-08,742,4,190,463
E12000003,Yorkshire and The Humber,region,2022-06-07,842,4,170,551
E12000003,Yorkshire and The Humber,region,2022-06-06,2244,6,414,791
E12000003,Yorkshire and The Humber,region,2022-06-05,0,3,1305,1733
E12000003,Yorkshire and The Humber,region,2022-06-04,0,2,0,0
E12000003,Yorkshire and The Humber,region,2022-06-03,0,4,0,0
E12000003,Yorkshire and The Humber,region,2022-06-02,0,5,0,0
E12000003,Yorkshire and The Humber,region,2022-06-01,446,8,0,0
E12000003,Yorkshire and The Humber,region,2022-05-31,435,8,594,749
E12000003,Yorkshire and The Humber,region,2022-05-30,969,4,613,875
E12000003,Yorkshire and The Humber,region,2022-05-29,0,5,1514,2155
E12000003,Yorkshire and The Humber,region,2022-05-28,0,8,0,0
E12000003,Yorkshire and The Humber,region,2022-05-27,439,6,0,0
E12000003,Yorkshire and The Humber,region,2022-05-26,475,7,419,828
E12000003,Yorkshire and The Humber,region,2022-05-25,492,9,298,800
E12000003,Yorkshire and The Humber,region,2022-05-24,540,6,214,732
E12000003,Yorkshire and The Humber,region,2022-05-23,1207,8,466,-867
E12000003,Yorkshire and The Humber,region,2022-05-22,0,7,1417,2607
E12000003,Yorkshire and The Humber,region,2022-05-21,0,2,0,0
E12000003,Yorkshire and The Humber,region,2022-05-20,531,6,0,0
E12000003,Yorkshire and The Humber,region,2022-05-19,580,7,478,1222
E12000003,Yorkshire and The Humber,region,2022-05-18,704,4,444,1035
E12000003,Yorkshire and The Humber,region,2022-05-17,745,8,302,969
E12000003,Yorkshire and The Humber,region,2022-05-16,1466,11,525,1013
E12000003,Yorkshire and The Humber,region,2022-05-15,0,8,1942,2894
E12000003,Yorkshire and The Humber,region,2022-05-14,0,11,0,0
E12000003,Yorkshire and The Humber,region,2022-05-13,630,11,0,0
E12000003,Yorkshire and The Humber,region,2022-05-12,773,12,366,955
E12000003,Yorkshire and The Humber,region,2022-05-11,719,10,623,1156
E12000003,Yorkshire and The Humber,region,2022-05-10,1652,9,494,932
E12000003,Yorkshire and The Humber,region,2022-05-09,1957,8,790,1102
E12000003,Yorkshire and The Humber,region,2022-05-08,0,9,2350,3298
E12000003,Yorkshire and The Humber,region,2022-05-07,0,13,0,0
E12000003,Yorkshire and The Humber,region,2022-05-06,795,10,0,0
E12000003,Yorkshire and The Humber,region,2022-05-05,985,13,511,1124
E12000003,Yorkshire and The Humber,region,2022-05-04,1328,14,684,1494
E12000003,Yorkshire and The Humber,region,2022-05-03,2720,14,489,928
E12000003,Yorkshire and The Humber,region,2022-05-02,0,12,2536,3603
E12000003,Yorkshire and The Humber,region,2022-05-01,0,18,0,0
E12000003,Yorkshire and The Humber,region,2022-04-30,0,21,0,0
E12000003,Yorkshire and The Humber,region,2022-04-29,965,12,0,0
E12000003,Yorkshire and The Humber,region,2022-04-28,1036,19,457,1156
E12000003,Yorkshire and The Humber,region,2022-04-27,3684,17,612,1295
E12000003,Yorkshire and The Humber,region,2022-04-26,0,17,457,965
E12000003,Yorkshire and The Humber,region,2022-04-25,3586,22,582,1251
E12000003,Yorkshire and The Humber,region,2022-04-24,0,19,2459,3478
E12000003,Yorkshire and The Humber,region,2022-04-23,0,18,0,0
E12000003,Yorkshire and The Humber,region,2022-04-22,1547,20,0,0
E12000003,Yorkshire and The Humber,region,2022-04-21,1749,18,694,1183
E12000003,Yorkshire and The Humber,region,2022-04-20,2085,18,874,1173
E12000003,Yorkshire and The Humber,region,2022-04-19,9416,20,743,1260
E12000003,Yorkshire and The Humber,region,2022-04-18,0,32,2221,2914
E12000003,Yorkshire and The Humber,region,2022-04-17,0,33,0,0
E12000003,Yorkshire and The Humber,region,2022-04-16,0,29,0,0
E12000003,Yorkshire and The Humber,region,2022-04-15,0,29,0,0
E12000003,Yorkshire and The Humber,region,2022-04-14,2722,26,0,0
E12000003,Yorkshire and The Humber,region,2022-04-13,2753,28,971,1366
E12000003,Yorkshire and The Humber,region,2022-04-12,2852,31,692,1145
E12000003,Yorkshire and The Humber,region,2022-04-11,7106,23,5537,1392
E12000003,Yorkshire and The Humber,region,2022-04-10,0,35,2424,3447
E12000003,Yorkshire and The Humber,region,2022-04-09,0,29,0,0
E12000003,Yorkshire and The Humber,region,2022-04-08,3129,29,0,0
E12000003,Yorkshire and The Humber,region,2022-04-07,3590,18,646,998
E12000003,Yorkshire and The Humber,region,2022-04-06,3941,32,706,1110
E12000003,Yorkshire and The Humber,region,2022-04-05,4032,14,531,1011
E12000003,Yorkshire and The Humber,region,2022-04-04,11003,17,1048,1234
E12000003,Yorkshire and The Humber,region,2022-04-03,0,26,2465,3150
E12000003,Yorkshire and The Humber,region,2022-04-02,0,35,0,0
E12000003,Yorkshire and The Humber,region,2022-04-01,5472,21,0,0
E12000003,Yorkshire and The Humber,region,2022-03-31,5449,28,832,1018
E12000003,Yorkshire and The Humber,region,2022-03-30,6598,19,1019,1127
E12000003,Yorkshire and The Humber,region,2022-03-29,5953,24,1005,1171
E12000003,Yorkshire and The Humber,region,2022-03-28,15785,22,1119,1058
E12000003,Yorkshire and The Humber,region,2022-03-27,0,11,2687,3119
E12000003,Yorkshire and The Humber,region,2022-03-26,0,20,0,0
E12000003,Yorkshire and The Humber,region,2022-03-25,5767,14,0,0
E12000003,Yorkshire and The Humber,region,2022-03-24,6541,19,751,1167
E12000003,Yorkshire and The Humber,region,2022-03-23,7110,12,1195,1132
E12000003,Yorkshire and The Humber,region,2022-03-22,6149,16,770,1120
E12000003,Yorkshire and The Humber,region,2022-03-21,15155,17,1160,1198
E12000003,Yorkshire and The Humber,region,2022-03-20,0,24,3043,3430
E12000003,Yorkshire and The Humber,region,2022-03-19,0,18,0,0
E12000003,Yorkshire and The Humber,region,2022-03-18,5314,22,0,0
E12000003,Yorkshire and The Humber,region,2022-03-17,5632,13,1070,1112
E12000003,Yorkshire and The Humber,region,2022-03-16,5092,17,1366,1361
E12000003,Yorkshire and The Humber,region,2022-03-15,4617,8,1069,1098
E12000003,Yorkshire and The Humber,region,2022-03-14,11537,15,1284,1340
E12000003,Yorkshire and The Humber,region,2022-03-13,0,9,3100,3643
E12000003,Yorkshire and The Humber,region,2022-03-12,0,20,0,0
E12000003,Yorkshire and The Humber,region,2022-03-11,3684,5,0,0
E12000003,Yorkshire and The Humber,region,2022-03-10,3930,9,660,-1374
E12000003,Yorkshire and The Humber,region,2022-03-09,3541,11,1437,1240
E12000003,Yorkshire and The Humber,region,2022-03-08,2889,12,865,1064
E12000003,Yorkshire and The Humber,region,2022-03-07,6434,11,1339,1239
E12000003,Yorkshire and The Humber,region,2022-03-06,0,13,,
E12000003,Yorkshire and The Humber,region,2022-03-05,0,8,,
E12000003,Yorkshire and The Humber,region,2022-03-04,2318,10,,
E12000003,Yorkshire and The Humber,region,2022-03-03,2534,14,,
E12000003,Yorkshire and The Humber,region,2022-03-02,2162,5,,
E12000003,Yorkshire and The Humber,region,2022-03-01,1932,12,,
E12000003,Yorkshire and The Humber,region,2022-02-28,4409,10,,
E12000003,Yorkshire and The Humber,region,2022-02-27,0,11,,
E12000003,Yorkshire and The Humber,region,2022-02-26,0,16,,
E12000003,Yorkshire and The Humber,region,2022-02-25,1620,11,,
E12000003,Yorkshire and The Humber,region,2022-02-24,1942,16,,
E12000003,Yorkshire and The Humber,region,2022-02-23,1998,8,,
E12000003,Yorkshire and The Humber,region,2022-02-22,2149,9,,
E12000003,Yorkshire and The Humber,region,2022-02-21,1870,8,,
E12000003,Yorkshire and The Humber,region,2022-02-20,2006,20,,
E12000003,Yorkshire and The Humber,region,2022-02-19,2252,17,,
E12000003,Yorkshire and The Humber,region,2022-02-18,2597,13,,
E12000003,Yorkshire and The Humber,region,2022-02-17,3023,11,,
E12000003,Yorkshire and The Humber,region,2022-02-16,3048,14,,
E12000003,Yorkshire and The Humber,region,2022-02-15,2730,15,,
E12000003,Yorkshire and The Humber,region,2022-02-14,2521,29,,
E12000003,Yorkshire and The Humber,region,2022-02-13,2234,16,,
E12000003,Yorkshire and The Humber,region,2022-02-12,2766,15,,
E12000003,Yorkshire and The Humber,region,2022-02-11,3570,17,,
E12000003,Yorkshire and The Humber,region,2022-02-10,4180,19,,
E12000003,Yorkshire and The Humber,region,2022-02-09,4302,15,,
E12000003,Yorkshire and The Humber,region,2022-02-08,4158,19,,
E12000003,Yorkshire and The Humber,region,2022-02-07,3755,15,,
E12000003,Yorkshire and The Humber,region,2022-02-06,4027,19,,
E12000003,Yorkshire and The Humber,region,2022-02-05,4634,23,,
E12000003,Yorkshire and The Humber,region,2022-02-04,5649,15,,
E12000003,Yorkshire and The Humber,region,2022-02-03,6438,13,,
E12000003,Yorkshire and The Humber,region,2022-02-02,6869,20,,
E12000003,Yorkshire and The Humber,region,2022-02-01,8106,16,,
E12000003,Yorkshire and The Humber,region,2022-01-31,89449,31,,
E12000003,Yorkshire and The Humber,region,2022-01-30,5326,20,,
E12000003,Yorkshire and The Humber,region,2022-01-29,5601,28,,
E12000003,Yorkshire and The Humber,region,2022-01-28,7024,29,,
E12000003,Yorkshire and The Humber,region,2022-01-27,7344,35,,
E12000003,Yorkshire and The Humber,region,2022-01-26,8493,32,,
E12000003,Yorkshire and The Humber,region,2022-01-25,7792,25,,
E12000003,Yorkshire and The Humber,region,2022-01-24,6983,27,,
E12000003,Yorkshire and The Humber,region,2022-01-23,6681,31,,
E12000003,Yorkshire and The Humber,region,2022-01-22,7245,25,,
E12000003,Yorkshire and The Humber,region,2022-01-21,8121,38,,
E12000003,Yorkshire and The Humber,region,2022-01-20,9751,24,,
E12000003,Yorkshire and The Humber,region,2022-01-19,9294,28,,
E12000003,Yorkshire and The Humber,region,2022-01-18,9147,28,,
E12000003,Yorkshire and The Humber,region,2022-01-17,7752,33,,
E12000003,Yorkshire and The Humber,region,2022-01-16,7298,31,,
E12000003,Yorkshire and The Humber,region,2022-01-15,8519,28,,
E12000003,Yorkshire and The Humber,region,2022-01-14,9676,22,,
E12000003,Yorkshire and The Humber,region,2022-01-13,10032,25,,
E12000003,Yorkshire and The Humber,region,2022-01-12,13685,24,,
E12000003,Yorkshire and The Humber,region,2022-01-11,15866,28,,
E12000003,Yorkshire and The Humber,region,2022-01-10,17202,27,,
E12000003,Yorkshire and The Humber,region,2022-01-09,13180,26,,
E12000003,Yorkshire and The Humber,region,2022-01-08,12003,21,,
E12000003,Yorkshire and The Humber,region,2022-01-07,15711,32,,
E12000003,Yorkshire and The Humber,region,2022-01-06,15699,20,,
E12000003,Yorkshire and The Humber,region,2022-01-05,15127,16,,
E12000003,Yorkshire and The Humber,region,2022-01-04,14590,14,,
E12000003,Yorkshire and The Humber,region,2022-01-03,14864,14,,
E12000003,Yorkshire and The Humber,region,2022-01-02,14298,11,,
E12000003,Yorkshire and The Humber,region,2022-01-01,14373,15,,
E12000003,Yorkshire and The Humber,region,2021-12-31,18697,12,,
E12000003,Yorkshire and The Humber,region,2021-12-30,12553,13,,
E12000003,Yorkshire and The Humber,region,2021-12-29,13345,5,,
E12000003,Yorkshire and The Humber,region,2021-12-28,9793,9,,
E12000003,Yorkshire and The Humber,region,2021-12-27,11222,12,,
E12000003,Yorkshire and The Humber,region,2021-12-26,6578,14,,
E12000003,Yorkshire and The Humber,region,2021-12-25,11179,17,,
E12000003,Yorkshire and The Humber,region,2021-12-24,6664,11,,
E12000003,Yorkshire and The Humber,region,2021-12-23,5947,7,,
E12000003,Yorkshire and The Humber,region,2021-12-22,4328,10,,
E12000003,Yorkshire and The Humber,region,2021-12-21,4654,5,,
E12000003,Yorkshire and The Humber,region,2021-12-20,5153,9,,
E12000003,Yorkshire and The Humber,region,2021-12-19,4074,7,,
E12000003,Yorkshire and The Humber,region,2021-12-18,4376,2,,
E12000003,Yorkshire and The Humber,region,2021-12-17,3971,13,,
E12000003,Yorkshire and The Humber,region,2021-12-16,4417,9,,
E12000003,Yorkshire and The Humber,region,2021-12-15,3564,6,,
E12000003,Yorkshire and The Humber,region,2021-12-14,2972,8,,
E12000003,Yorkshire and The Humber,region,2021-12-13,2754,11,,
E12000003,Yorkshire and The Humber,region,2021-12-12,2616,12,,
E12000003,Yorkshire and The Humber,region,2021-12-11,3077,7,,
E12000003,Yorkshire and The Humber,region,2021-12-10,3192,7,,
E12000003,Yorkshire and The Humber,region,2021-12-09,2883,7,,
E12000003,Yorkshire and The Humber,region,2021-12-08,2818,14,,
E12000003,Yorkshire and The Humber,region,2021-12-07,2524,12,,
E12000003,Yorkshire and The Humber,region,2021-12-06,4489,11,,
E12000003,Yorkshire and The Humber,region,2021-12-05,3284,10,,
E12000003,Yorkshire and The Humber,region,2021-12-04,1744,13,,
E12000003,Yorkshire and The Humber,region,2021-12-03,2346,17,,
E12000003,Yorkshire and The Humber,region,2021-12-02,3027,6,,
E12000003,Yorkshire and The Humber,region,2021-12-01,2809,7,,
E12000003,Yorkshire and The Humber,region,2021-11-30,2387,10,,
E12000003,Yorkshire and The Humber,region,2021-11-29,2532,18,,
E12000003,Yorkshire and The Humber,region,2021-11-28,2320,10,,
E12000003,Yorkshire and The Humber,region,2021-11-27,2763,6,,
E12000003,Yorkshire and The Humber,region,2021-11-26,3125,12,,
E12000003,Yorkshire and The Humber,region,2021-11-25,3360,15,,
E12000003,Yorkshire and The Humber,region,2021-11-24,2679,18,,
E12000003,Yorkshire and The Humber,region,2021-11-23,2779,13,,
E12000003,Yorkshire and The Humber,region,2021-11-22,3134,9,,
E12000003,Yorkshire and The Humber,region,2021-11-21,2283,13,,
E12000003,Yorkshire and The Humber,region,2021-11-20,3082,7,,
E12000003,Yorkshire and The Humber,region,2021-11-19,2915,14,,
E12000003,Yorkshire and The Humber,region,2021-11-18,3366,17,,
E12000003,Yorkshire and The Humber,region,2021-11-17,3208,11,,
E12000003,Yorkshire and The Humber,region,2021-11-16,3000,15,,
E12000003,Yorkshire and The Humber,region,2021-11-15,2773,15,,
E12000003,Yorkshire and The Humber,region,2021-11-14,2715,15,,
E12000003,Yorkshire and The Humber,region,2021-11-13,3005,18,,
E12000003,Yorkshire and The Humber,region,2021-11-12,2750,21,,
E12000003,Yorkshire and The Humber,region,2021-11-11,3687,13,,
E12000003,Yorkshire and The Humber,region,2021-11-10,2815,12,,
E12000003,Yorkshire and The Humber,region,2021-11-09,2432,19,,
E12000003,Yorkshire and The Humber,region,2021-11-08,2434,7,,
E12000003,Yorkshire and The Humber,region,2021-11-07,2388,19,,
E12000003,Yorkshire and The Humber,region,2021-11-06,2486,21,,
E12000003,Yorkshire and The Humber,region,2021-11-05,3121,13,,
E12000003,Yorkshire and The Humber,region,2021-11-04,3280,25,,
E12000003,Yorkshire and The Humber,region,2021-11-03,3265,16,,
E12000003,Yorkshire and The Humber,region,2021-11-02,2752,17,,
E12000003,Yorkshire and The Humber,region,2021-11-01,3085,20,,
E12000003,Yorkshire and The Humber,region,2021-10-31,3158,19,,
E12000003,Yorkshire and The Humber,region,2021-10-30,3872,21,,
E12000003,Yorkshire and The Humber,region,2021-10-29,4025,16,,
E12000003,Yorkshire and The Humber,region,2021-10-28,2926,20,,
E12000003,Yorkshire and The Humber,region,2021-10-27,3429,22,,
E12000003,Yorkshire and The Humber,region,2021-10-26,3182,10,,
E12000003,Yorkshire and The Humber,region,2021-10-25,2904,18,,
E12000003,Yorkshire and The Humber,region,2021-10-24,3025,16,,
E12000003,Yorkshire and The Humber,region,2021-10-23,3533,19,,
E12000003,Yorkshire and The Humber,region,2021-10-22,3997,19,,
E12000003,Yorkshire and The Humber,region,2021-10-21,3934,16,,
E12000003,Yorkshire and The Humber,region,2021-10-20,4049,24,,
E12000003,Yorkshire and The Humber,region,2021-10-19,3450,7,,
E12000003,Yorkshire and The Humber,region,2021-10-18,3546,9,,
E12000003,Yorkshire and The Humber,region,2021-10-17,3759,13,,
E12000003,Yorkshire and The Humber,region,2021-10-16,3427,20,,
E12000003,Yorkshire and The Humber,region,2021-10-15,4147,17,,
E12000003,Yorkshire and The Humber,region,2021-10-14,4500,17,,
E12000003,Yorkshire and The Humber,region,2021-10-13,4102,19,,
E12000003,Yorkshire and The Humber,region,2021-10-12,3458,13,,
E12000003,Yorkshire and The Humber,region,2021-10-11,3695,15,,
E12000003,Yorkshire and The Humber,region,2021-10-10,3567,15,,
E12000003,Yorkshire and The Humber,region,2021-10-09,3418,17,,
E12000003,Yorkshire and The Humber,region,2021-10-08,3772,20,,
E12000003,Yorkshire and The Humber,region,2021-10-07,3729,15,,
E12000003,Yorkshire and The Humber,region,2021-10-06,3965,5,,
E12000003,Yorkshire and The Humber,region,2021-10-05,2989,8,,
E12000003,Yorkshire and The Humber,region,2021-10-04,3057,7,,
E12000003,Yorkshire and The Humber,region,2021-10-03,2846,14,,
E12000003,Yorkshire and The Humber,region,2021-10-02,2896,5,,
E12000003,Yorkshire and The Humber,region,2021-10-01,3719,12,,
E12000003,Yorkshire and The Humber,region,2021-09-30,3829,14,,
E12000003,Yorkshire and The Humber,region,2021-09-29,3331,13,,
E12000003,Yorkshire and The Humber,region,2021-09-28,3260,6,,
E12000003,Yorkshire and The Humber,region,2021-09-27,3485,6,,
E12000003,Yorkshire and The Humber,region,2021-09-26,3153,6,,
E12000003,Yorkshire and The Humber,region,2021-09-25,3183,15,,
E12000003,Yorkshire and The Humber,region,2021-09-24,3634,15,,
E12000003,Yorkshire and The Humber,region,2021-09-23,3824,12,,
E12000003,Yorkshire and The Humber,region,2021-09-22,3456,12,,
E12000003,Yorkshire and The Humber,region,2021-09-21,2632,12,,
E12000003,Yorkshire and The Humber,region,2021-09-20,3210,17,,
E12000003,Yorkshire and The Humber,region,2021-09-19,2604,15,,
E12000003,Yorkshire and The Humber,region,2021-09-18,2707,9,,
E12000003,Yorkshire and The Humber,region,2021-09-17,2456,15,,
E12000003,Yorkshire and The Humber,region,2021-09-16,2521,16,,
E12000003,Yorkshire and The Humber,region,2021-09-15,2455,10,,
E12000003,Yorkshire and The Humber,region,2021-09-14,2106,13,,
E12000003,Yorkshire and The Humber,region,2021-09-13,2602,10,,
E12000003,Yorkshire and The Humber,region,2021-09-12,2351,17,,
E12000003,Yorkshire and The Humber,region,2021-09-11,2405,9,,
E12000003,Yorkshire and The Humber,region,2021-09-10,3031,20,,
E12000003,Yorkshire and The Humber,region,2021-09-09,2908,22,,
E12000003,Yorkshire and The Humber,region,2021-09-08,3481,15,,
E12000003,Yorkshire and The Humber,region,2021-09-07,3084,12,,
E12000003,Yorkshire and The Humber,region,2021-09-06,3614,17,,
E12000003,Yorkshire and The Humber,region,2021-09-05,2351,18,,
E12000003,Yorkshire and The Humber,region,2021-09-04,3090,22,,
E12000003,Yorkshire and The Humber,region,2021-09-03,3046,17,,
E12000003,Yorkshire and The Humber,region,2021-09-02,3430,13,,
E12000003,Yorkshire and The Humber,region,2021-09-01,2863,18,,
E12000003,Yorkshire and The Humber,region,2021-08-31,2462,15,,
E12000003,Yorkshire and The Humber,region,2021-08-30,2387,10,,
E12000003,Yorkshire and The Humber,region,2021-08-29,2494,17,,
E12000003,Yorkshire and The Humber,region,2021-08-28,2562,12,,
E12000003,Yorkshire and The Humber,region,2021-08-27,3025,23,,
E12000003,Yorkshire and The Humber,region,2021-08-26,2857,9,,
E12000003,Yorkshire and The Humber,region,2021-08-25,3131,5,,
E12000003,Yorkshire and The Humber,region,2021-08-24,2736,13,,
E12000003,Yorkshire and The Humber,region,2021-08-23,2526,15,,
E12000003,Yorkshire and The Humber,region,2021-08-22,2597,10,,
E12000003,Yorkshire and The Humber,region,2021-08-21,2686,9,,
E12000003,Yorkshire and The Humber,region,2021-08-20,3018,12,,
E12000003,Yorkshire and The Humber,region,2021-08-19,2919,10,,
E12000003,Yorkshire and The Humber,region,2021-08-18,3297,13,,
E12000003,Yorkshire and The Humber,region,2021-08-17,2368,9,,
E12000003,Yorkshire and The Humber,region,2021-08-16,2546,11,,
E12000003,Yorkshire and The Humber,region,2021-08-15,2882,9,,
E12000003,Yorkshire and The Humber,region,2021-08-14,2933,14,,
E12000003,Yorkshire and The Humber,region,2021-08-13,3029,20,,
E12000003,Yorkshire and The Humber,region,2021-08-12,3289,15,,
E12000003,Yorkshire and The Humber,region,2021-08-11,3307,14,,
E12000003,Yorkshire and The Humber,region,2021-08-10,2398,18,,
E12000003,Yorkshire and The Humber,region,2021-08-09,2732,10,,
E12000003,Yorkshire and The Humber,region,2021-08-08,2661,12,,
E12000003,Yorkshire and The Humber,region,2021-08-07,3228,14,,
E12000003,Yorkshire and The Humber,region,2021-08-06,3436,13,,
E12000003,Yorkshire and The Humber,region,2021-08-05,3241,18,,
E12000003,Yorkshire and The Humber,region,2021-08-04,3238,9,,
E12000003,Yorkshire and The Humber,region,2021-08-03,2463,6,,
E12000003,Yorkshire and The Humber,region,2021-08-02,2324,6,,
E12000003,Yorkshire and The Humber,region,2021-08-01,2818,5,,
E12000003,Yorkshire and The Humber,region,2021-07-31,2879,11,,
E12000003,Yorkshire and The Humber,region,2021-07-30,3259,9,,
E12000003,Yorkshire and The Humber,region,2021-07-29,3249,9,,
E12000003,Yorkshire and The Humber,region,2021-07-28,2932,11,,
E12000003,Yorkshire and The Humber,region,2021-07-27,2024,13,,
E12000003,Yorkshire and The Humber,region,2021-07-26,2628,11,,
E12000003,Yorkshire and The Humber,region,2021-07-25,2749,12,,
E12000003,Yorkshire and The Humber,region,2021-07-24,3383,9,,
E12000003,Yorkshire and The Humber,region,2021-07-23,3756,7,,
E12000003,Yorkshire and The Humber,region,2021-07-22,4259,7,,
E12000003,Yorkshire and The Humber,region,2021-07-21,4804,7,,
E12000003,Yorkshire and The Humber,region,2021-07-20,4030,9,,
E12000003,Yorkshire and The Humber,region,2021-07-19,4227,10,,
E12000003,Yorkshire and The Humber,region,2021-07-18,4964,10,,
E12000003,Yorkshire and The Humber,region,2021-07-17,6445,4,,
E12000003,Yorkshire and The Humber,region,2021-07-16,5243,7,,
E12000003,Yorkshire and The Humber,region,2021-07-15,5334,7,,
E12000003,Yorkshire and The Humber,region,2021-07-14,4653,6,,
E12000003,Yorkshire and The Humber,region,2021-07-13,3902,2,,
E12000003,Yorkshire and The Humber,region,2021-07-12,3632,4,,
E12000003,Yorkshire and The Humber,region,2021-07-11,3515,2,,
E12000003,Yorkshire and The Humber,region,2021-07-10,3559,4,,
E12000003,Yorkshire and The Humber,region,2021-07-09,3922,2,,
E12000003,Yorkshire and The Humber,region,2021-07-08,3907,3,,
E12000003,Yorkshire and The Humber,region,2021-07-07,3636,4,,
E12000003,Yorkshire and The Humber,region,2021-07-06,2970,1,,
E12000003,Yorkshire and The Humber,region,2021-07-05,2967,2,,
E12000003,Yorkshire and The Humber,region,2021-07-04,2557,1,,
E12000003,Yorkshire and The Humber,region,2021-07-03,2736,3,,
E12000003,Yorkshire and The Humber,region,2021-07-02,2543,0,,
E12000003,Yorkshire and The Humber,region,2021-07-01,2810,3,,
E12000003,Yorkshire and The Humber,region,2021-06-30,2647,2,,
E12000003,Yorkshire and The Humber,region,2021-06-29,2014,5,,
E12000003,Yorkshire and The Humber,region,2021-06-28,2289,1,,
E12000003,Yorkshire and The Humber,region,2021-06-27,1229,5,,
E12000003,Yorkshire and The Humber,region,2021-06-26,1996,1,,
E12000003,Yorkshire and The Humber,region,2021-06-25,1524,0,,
E12000003,Yorkshire and The Humber,region,2021-06-24,1571,2,,
E12000003,Yorkshire and The Humber,region,2021-06-23,1521,0,,
E12000003,Yorkshire and The Humber,region,2021-06-22,965,1,,
E12000003,Yorkshire and The Humber,region,2021-06-21,991,0,,
E12000003,Yorkshire and The Humber,region,2021-06-20,937,5,,
E12000003,Yorkshire and The Humber,region,2021-06-19,991,3,,
E12000003,Yorkshire and The Humber,region,2021-06-18,953,0,,
E12000003,Yorkshire and The Humber,region,2021-06-17,941,0,,
E12000003,Yorkshire and The Humber,region,2021-06-16,802,0,,
E12000003,Yorkshire and The Humber,region,2021-06-15,674,2,,
E12000003,Yorkshire and The Humber,region,2021-06-14,635,1,,
E12000003,Yorkshire and The Humber,region,2021-06-13,553,2,,
E12000003,Yorkshire and The Humber,region,2021-06-12,700,1,,
E12000003,Yorkshire and The Humber,region,2021-06-11,741,2,,
E12000003,Yorkshire and The Humber,region,2021-06-10,607,0,,
E12000003,Yorkshire and The Humber,region,2021-06-09,707,0,,
E12000003,Yorkshire and The Humber,region,2021-06-08,541,2,,
E12000003,Yorkshire and The Humber,region,2021-06-07,557,0,,
E12000003,Yorkshire and The Humber,region,2021-06-06,494,0,,
E12000003,Yorkshire and The Humber,region,2021-06-05,482,0,,
E12000003,Yorkshire and The Humber,region,2021-06-04,465,0,,
E12000003,Yorkshire and The Humber,region,2021-06-03,421,1,,
E12000003,Yorkshire and The Humber,region,2021-06-02,363,2,,
E12000003,Yorkshire and The Humber,region,2021-06-01,289,0,,
E12000003,Yorkshire and The Humber,region,2021-05-31,279,0,,
E12000003,Yorkshire and The Humber,region,2021-05-30,325,2,,
E12000003,Yorkshire and The Humber,region,2021-05-29,270,0,,
E12000003,Yorkshire and The Humber,region,2021-05-28,343,1,,
E12000003,Yorkshire and The Humber,region,2021-05-27,305,0,,
E12000003,Yorkshire and The Humber,region,2021-05-26,335,2,,
E12000003,Yorkshire and The Humber,region,2021-05-25,269,0,,
E12000003,Yorkshire and The Humber,region,2021-05-24,251,3,,
E12000003,Yorkshire and The Humber,region,2021-05-23,275,0,,
E12000003,Yorkshire and The Humber,region,2021-05-22,271,0,,
E12000003,Yorkshire and The Humber,region,2021-05-21,357,0,,
E12000003,Yorkshire and The Humber,region,2021-05-20,294,0,,
E12000003,Yorkshire and The Humber,region,2021-05-19,321,1,,
E12000003,Yorkshire and The Humber,region,2021-05-18,0,0,,
E12000003,Yorkshire and The Humber,region,2021-05-17,239,1,,
E12000003,Yorkshire and The Humber,region,2021-05-16,243,2,,
E12000003,Yorkshire and The Humber,region,2021-05-15,268,1,,
E12000003,Yorkshire and The Humber,region,2021-05-14,291,0,,
E12000003,Yorkshire and The Humber,region,2021-05-13,333,0,,
E12000003,Yorkshire and The Humber,region,2021-05-12,342,5,,
E12000003,Yorkshire and The Humber,region,2021-05-11,315,2,,
E12000003,Yorkshire and The Humber,region,2021-05-10,319,0,,
E12000003,Yorkshire and The Humber,region,2021-05-09,244,2,,
E12000003,Yorkshire and The Humber,region,2021-05-08,305,5,,
E12000003,Yorkshire and The Humber,region,2021-05-07,350,2,,
E12000003,Yorkshire and The Humber,region,2021-05-06,406,0,,
E12000003,Yorkshire and The Humber,region,2021-05-05,337,5,,
E12000003,Yorkshire and The Humber,region,2021-05-04,295,1,,
E12000003,Yorkshire and The Humber,region,2021-05-03,250,1,,
E12000003,Yorkshire and The Humber,region,2021-05-02,259,3,,
E12000003,Yorkshire and The Humber,region,2021-05-01,384,2,,
E12000003,Yorkshire and The Humber,region,2021-04-30,401,2,,
E12000003,Yorkshire and The Humber,region,2021-04-29,367,3,,
E12000003,Yorkshire and The Humber,region,2021-04-28,369,0,,
E12000003,Yorkshire and The Humber,region,2021-04-27,361,2,,
E12000003,Yorkshire and The Humber,region,2021-04-26,282,2,,
E12000003,Yorkshire and The Humber,region,2021-04-25,324,2,,
E12000003,Yorkshire and The Humber,region,2021-04-24,362,0,,
E12000003,Yorkshire and The Humber,region,2021-04-23,381,1,,
E12000003,Yorkshire and The Humber,region,2021-04-22,430,3,,
E12000003,Yorkshire and The Humber,region,2021-04-21,417,6,,
E12000003,Yorkshire and The Humber,region,2021-04-20,307,4,,
E12000003,Yorkshire and The Humber,region,2021-04-19,452,2,,
E12000003,Yorkshire and The Humber,region,2021-04-18,300,1,,
E12000003,Yorkshire and The Humber,region,2021-04-17,307,8,,
E12000003,Yorkshire and The Humber,region,2021-04-16,368,4,,
E12000003,Yorkshire and The Humber,region,2021-04-15,405,5,,
E12000003,Yorkshire and The Humber,region,2021-04-14,493,0,,
E12000003,Yorkshire and The Humber,region,2021-04-13,403,6,,
E12000003,Yorkshire and The Humber,region,2021-04-12,496,9,,
E12000003,Yorkshire and The Humber,region,2021-04-11,424,7,,
E12000003,Yorkshire and The Humber,region,2021-04-10,456,6,,
E12000003,Yorkshire and The Humber,region,2021-04-09,0,3,,
E12000003,Yorkshire and The Humber,region,2021-04-08,609,6,,
E12000003,Yorkshire and The Humber,region,2021-04-07,408,5,,
E12000003,Yorkshire and The Humber,region,2021-04-06,383,7,,
E12000003,Yorkshire and The Humber,region,2021-04-05,589,2,,
E12000003,Yorkshire and The Humber,region,2021-04-04,384,6,,
E12000003,Yorkshire and The Humber,region,2021-04-03,613,4,,
E12000003,Yorkshire and The Humber,region,2021-04-02,540,2,,
E12000003,Yorkshire and The Humber,region,2021-04-01,730,6,,
E12000003,Yorkshire and The Humber,region,2021-03-31,669,7,,
E12000003,Yorkshire and The Humber,region,2021-03-30,598,6,,
E12000003,Yorkshire and The Humber,region,2021-03-29,781,5,,
E12000003,Yorkshire and The Humber,region,2021-03-28,627,4,,
E12000003,Yorkshire and The Humber,region,2021-03-27,716,4,,
E12000003,Yorkshire and The Humber,region,2021-03-26,1064,9,,
E12000003,Yorkshire and The Humber,region,2021-03-25,1054,2,,
E12000003,Yorkshire and The Humber,region,2021-03-24,969,7,,
E12000003,Yorkshire and The Humber,region,2021-03-23,878,6,,
E12000003,Yorkshire and The Humber,region,2021-03-22,851,7,,
E12000003,Yorkshire and The Humber,region,2021-03-21,811,16,,
E12000003,Yorkshire and The Humber,region,2021-03-20,885,6,,
E12000003,Yorkshire and The Humber,region,2021-03-19,872,7,,
E12000003,Yorkshire and The Humber,region,2021-03-18,1005,10,,
E12000003,Yorkshire and The Humber,region,2021-03-17,844,6,,
E12000003,Yorkshire and The Humber,region,2021-03-16,809,8,,
E12000003,Yorkshire and The Humber,region,2021-03-15,807,18,,
E12000003,Yorkshire and The Humber,region,2021-03-14,775,14,,
E12000003,Yorkshire and The Humber,region,2021-03-13,901,8,,
E12000003,Yorkshire and The Humber,region,2021-03-12,989,12,,
E12000003,Yorkshire and The Humber,region,2021-03-11,895,21,,
E12000003,Yorkshire and The Humber,region,2021-03-10,1006,12,,
E12000003,Yorkshire and The Humber,region,2021-03-09,714,19,,
E12000003,Yorkshire and The Humber,region,2021-03-08,693,21,,
E12000003,Yorkshire and The Humber,region,2021-03-07,732,13,,
E12000003,Yorkshire and The Humber,region,2021-03-06,781,17,,
E12000003,Yorkshire and The Humber,region,2021-03-05,856,18,,
E12000003,Yorkshire and The Humber,region,2021-03-04,902,14,,
E12000003,Yorkshire and The Humber,region,2021-03-03,923,18,,
E12000003,Yorkshire and The Humber,region,2021-03-02,735,15,,
E12000003,Yorkshire and The Humber,region,2021-03-01,745,18,,
E12000003,Yorkshire and The Humber,region,2021-02-28,790,28,,
E12000003,Yorkshire and The Humber,region,2021-02-27,909,22,,
E12000003,Yorkshire and The Humber,region,2021-02-26,920,18,,
E12000003,Yorkshire and The Humber,region,2021-02-25,1144,21,,
E12000003,Yorkshire and The Humber,region,2021-02-24,1153,23,,
E12000003,Yorkshire and The Humber,region,2021-02-23,939,28,,
E12000003,Yorkshire and The Humber,region,2021-02-22,1401,19,,
E12000003,Yorkshire and The Humber,region,2021-02-21,1047,40,,
E12000003,Yorkshire and The Humber,region,2021-02-20,1157,30,,
E12000003,Yorkshire and The Humber,region,2021-02-19,1291,29,,
E12000003,Yorkshire and The Humber,region,2021-02-18,1210,34,,
E12000003,Yorkshire and The Humber,region,2021-02-17,1405,36,,
E12000003,Yorkshire and The Humber,region,2021-02-16,1055,29,,
E12000003,Yorkshire and The Humber,region,2021-02-15,950,37,,
E12000003,Yorkshire and The Humber,region,2021-02-14,1183,41,,
E12000003,Yorkshire and The Humber,region,2021-02-13,1263,49,,
E12000003,Yorkshire and The Humber,region,2021-02-12,1231,46,,
E12000003,Yorkshire and The Humber,region,2021-02-11,1352,52,,
E12000003,Yorkshire and The Humber,region,2021-02-10,1382,52,,
E12000003,Yorkshire and The Humber,region,2021-02-09,1085,33,,
E12000003,Yorkshire and The Humber,region,2021-02-08,1155,39,,
E12000003,Yorkshire and The Humber,region,2021-02-07,1306,32,,
E12000003,Yorkshire and The Humber,region,2021-02-06,1685,35,,
E12000003,Yorkshire and The Humber,region,2021-02-05,1716,50,,
E12000003,Yorkshire and The Humber,region,2021-02-04,1157,55,,
E12000003,Yorkshire and The Humber,region,2021-02-03,1605,59,,
E12000003,Yorkshire and The Humber,region,2021-02-02,1059,50,,
E12000003,Yorkshire and The Humber,region,2021-02-01,1392,58,,
E12000003,Yorkshire and The Humber,region,2021-01-31,1510,56,,
E12000003,Yorkshire and The Humber,region,2021-01-30,1562,64,,
E12000003,Yorkshire and The Humber,region,2021-01-29,1973,48,,
E12000003,Yorkshire and The Humber,region,2021-01-28,1880,57,,
E12000003,Yorkshire and The Humber,region,2021-01-27,1844,60,,
E12000003,Yorkshire and The Humber,region,2021-01-26,1520,56,,
E12000003,Yorkshire and The Humber,region,2021-01-25,1458,52,,
E12000003,Yorkshire and The Humber,region,2021-01-24,1521,57,,
E12000003,Yorkshire and The Humber,region,2021-01-23,1995,56,,
E12000003,Yorkshire and The Humber,region,2021-01-22,1934,51,,
E12000003,Yorkshire and The Humber,region,2021-01-21,2114,67,,
E12000003,Yorkshire and The Humber,region,2021-01-20,2497,55,,
E12000003,Yorkshire and The Humber,region,2021-01-19,2087,76,,
E12000003,Yorkshire and The Humber,region,2021-01-18,1998,48,,
E12000003,Yorkshire and The Humber,region,2021-01-17,1494,59,,
E12000003,Yorkshire and The Humber,region,2021-01-16,1200,76,,
E12000003,Yorkshire and The Humber,region,2021-01-15,2168,63,,
E12000003,Yorkshire and The Humber,region,2021-01-14,2475,38,,
E12000003,Yorkshire and The Humber,region,2021-01-13,2746,64,,
E12000003,Yorkshire and The Humber,region,2021-01-12,2020,57,,
E12000003,Yorkshire and The Humber,region,2021-01-11,1882,48,,
E12000003,Yorkshire and The Humber,region,2021-01-10,2689,55,,
E12000003,Yorkshire and The Humber,region,2021-01-09,2236,45,,
E12000003,Yorkshire and The Humber,region,2021-01-08,2544,46,,
E12000003,Yorkshire and The Humber,region,2021-01-07,2858,50,,
E12000003,Yorkshire and The Humber,region,2021-01-06,3055,54,,
E12000003,Yorkshire and The Humber,region,2021-01-05,2639,47,,
E12000003,Yorkshire and The Humber,region,2021-01-04,2735,40,,
E12000003,Yorkshire and The Humber,region,2021-01-03,1933,44,,
E12000003,Yorkshire and The Humber,region,2021-01-02,2754,51,,
E12000003,Yorkshire and The Humber,region,2021-01-01,2175,58,,
E12000003,Yorkshire and The Humber,region,2020-12-31,2495,40,,
E12000003,Yorkshire and The Humber,region,2020-12-30,2057,33,,
E12000003,Yorkshire and The Humber,region,2020-12-29,1886,47,,
E12000003,Yorkshire and The Humber,region,2020-12-28,1760,51,,
E12000003,Yorkshire and The Humber,region,2020-12-27,1184,57,,
E12000003,Yorkshire and The Humber,region,2020-12-26,1336,47,,
E12000003,Yorkshire and The Humber,region,2020-12-25,1420,42,,
E12000003,Yorkshire and The Humber,region,2020-12-24,1969,38,,
E12000003,Yorkshire and The Humber,region,2020-12-23,1850,45,,
E12000003,Yorkshire and The Humber,region,2020-12-22,1612,46,,
E12000003,Yorkshire and The Humber,region,2020-12-21,1535,41,,
E12000003,Yorkshire and The Humber,region,2020-12-20,1141,42,,
E12000003,Yorkshire and The Humber,region,2020-12-19,1114,39,,
E12000003,Yorkshire and The Humber,region,2020-12-18,1030,52,,
E12000003,Yorkshire and The Humber,region,2020-12-17,1120,55,,
E12000003,Yorkshire and The Humber,region,2020-12-16,1368,38,,
E12000003,Yorkshire and The Humber,region,2020-12-15,1161,46,,
E12000003,Yorkshire and The Humber,region,2020-12-14,1009,44,,
E12000003,Yorkshire and The Humber,region,2020-12-13,1236,48,,
E12000003,Yorkshire and The Humber,region,2020-12-12,1248,43,,
E12000003,Yorkshire and The Humber,region,2020-12-11,1307,56,,
E12000003,Yorkshire and The Humber,region,2020-12-10,1253,54,,
E12000003,Yorkshire and The Humber,region,2020-12-09,1267,53,,
E12000003,Yorkshire and The Humber,region,2020-12-08,837,48,,
E12000003,Yorkshire and The Humber,region,2020-12-07,997,50,,
E12000003,Yorkshire and The Humber,region,2020-12-06,1262,63,,
E12000003,Yorkshire and The Humber,region,2020-12-05,1116,44,,
E12000003,Yorkshire and The Humber,region,2020-12-04,1360,72,,
E12000003,Yorkshire and The Humber,region,2020-12-03,1520,65,,
E12000003,Yorkshire and The Humber,region,2020-12-02,1347,55,,
E12000003,Yorkshire and The Humber,region,2020-12-01,1237,35,,
E12000003,Yorkshire and The Humber,region,2020-11-30,1119,53,,
E12000003,Yorkshire and The Humber,region,2020-11-29,1181,53,,
E12000003,Yorkshire and The Humber,region,2020-11-28,1663,69,,
E12000003,Yorkshire and The Humber,region,2020-11-27,1424,67,,
E12000003,Yorkshire and The Humber,region,2020-11-26,1805,61,,
E12000003,Yorkshire and The Humber,region,2020-11-25,1984,62,,
E12000003,Yorkshire and The Humber,region,2020-11-24,1335,76,,
E12000003,Yorkshire and The Humber,region,2020-11-23,1667,75,,
E12000003,Yorkshire and The Humber,region,2020-11-22,1748,71,,
E12000003,Yorkshire and The Humber,region,2020-11-21,2220,70,,
E12000003,Yorkshire and The Humber,region,2020-11-20,2711,65,,
E12000003,Yorkshire and The Humber,region,2020-11-19,3025,79,,
E12000003,Yorkshire and The Humber,region,2020-11-18,2907,83,,
E12000003,Yorkshire and The Humber,region,2020-11-17,2540,56,,
E12000003,Yorkshire and The Humber,region,2020-11-16,3595,51,,
E12000003,Yorkshire and The Humber,region,2020-11-15,3306,75,,
E12000003,Yorkshire and The Humber,region,2020-11-14,3332,70,,
E12000003,Yorkshire and The Humber,region,2020-11-13,3832,68,,
E12000003,Yorkshire and The Humber,region,2020-11-12,4583,77,,
E12000003,Yorkshire and The Humber,region,2020-11-11,3163,56,,
E12000003,Yorkshire and The Humber,region,2020-11-10,3001,62,,
E12000003,Yorkshire and The Humber,region,2020-11-09,2804,89,,
E12000003,Yorkshire and The Humber,region,2020-11-08,3731,69,,
E12000003,Yorkshire and The Humber,region,2020-11-07,4014,77,,
E12000003,Yorkshire and The Humber,region,2020-11-06,3592,68,,
E12000003,Yorkshire and The Humber,region,2020-11-05,4084,60,,
E12000003,Yorkshire and The Humber,region,2020-11-04,3617,47,,
E12000003,Yorkshire and The Humber,region,2020-11-03,2994,66,,
E12000003,Yorkshire and The Humber,region,2020-11-02,2906,48,,
E12000003,Yorkshire and The Humber,region,2020-11-01,3800,49,,
E12000003,Yorkshire and The Humber,region,2020-10-31,3638,55,,
E12000003,Yorkshire and The Humber,region,2020-10-30,3425,46,,
E12000003,Yorkshire and The Humber,region,2020-10-29,3387,42,,
E12000003,Yorkshire and The Humber,region,2020-10-28,3765,37,,
E12000003,Yorkshire and The Humber,region,2020-10-27,3565,36,,
E12000003,Yorkshire and The Humber,region,2020-10-26,3000,41,,
E12000003,Yorkshire and The Humber,region,2020-10-25,2380,33,,
E12000003,Yorkshire and The Humber,region,2020-10-24,3261,27,,
E12000003,Yorkshire and The Humber,region,2020-10-23,2745,32,,
E12000003,Yorkshire and The Humber,region,2020-10-22,2861,26,,
E12000003,Yorkshire and The Humber,region,2020-10-21,4129,40,,
E12000003,Yorkshire and The Humber,region,2020-10-20,3189,35,,
E12000003,Yorkshire and The Humber,region,2020-10-19,2699,31,,
E12000003,Yorkshire and The Humber,region,2020-10-18,2897,21,,
E12000003,Yorkshire and The Humber,region,2020-10-17,2127,31,,
E12000003,Yorkshire and The Humber,region,2020-10-16,1755,19,,
E12000003,Yorkshire and The Humber,region,2020-10-15,2515,13,,
E12000003,Yorkshire and The Humber,region,2020-10-14,2717,15,,
E12000003,Yorkshire and The Humber,region,2020-10-13,2230,11,,
E12000003,Yorkshire and The Humber,region,2020-10-12,1953,13,,
E12000003,Yorkshire and The Humber,region,2020-10-11,2003,12,,
E12000003,Yorkshire and The Humber,region,2020-10-10,2289,14,,
E12000003,Yorkshire and The Humber,region,2020-10-09,1160,12,,
E12000003,Yorkshire and The Humber,region,2020-10-08,2347,10,,
E12000003,Yorkshire and The Humber,region,2020-10-07,1655,13,,
E12000003,Yorkshire and The Humber,region,2020-10-06,2437,9,,
E12000003,Yorkshire and The Humber,region,2020-10-05,2194,10,,
E12000003,Yorkshire and The Humber,region,2020-10-04,3606,6,,
E12000003,Yorkshire and The Humber,region,2020-10-03,1759,7,,
E12000003,Yorkshire and The Humber,region,2020-10-02,718,8,,
E12000003,Yorkshire and The Humber,region,2020-10-01,823,6,,
E12000003,Yorkshire and The Humber,region,2020-09-30,1059,4,,
E12000003,Yorkshire and The Humber,region,2020-09-29,829,3,,
E12000003,Yorkshire and The Humber,region,2020-09-28,525,1,,
E12000003,Yorkshire and The Humber,region,2020-09-27,636,4,,
E12000003,Yorkshire and The Humber,region,2020-09-26,682,3,,
E12000003,Yorkshire and The Humber,region,2020-09-25,762,1,,
E12000003,Yorkshire and The Humber,region,2020-09-24,808,4,,
E12000003,Yorkshire and The Humber,region,2020-09-23,683,3,,
E12000003,Yorkshire and The Humber,region,2020-09-22,505,4,,
E12000003,Yorkshire and The Humber,region,2020-09-21,492,4,,
E12000003,Yorkshire and The Humber,region,2020-09-20,445,6,,
E12000003,Yorkshire and The Humber,region,2020-09-19,529,3,,
E12000003,Yorkshire and The Humber,region,2020-09-18,517,3,,
E12000003,Yorkshire and The Humber,region,2020-09-17,402,3,,
E12000003,Yorkshire and The Humber,region,2020-09-16,511,2,,
E12000003,Yorkshire and The Humber,region,2020-09-15,387,2,,
E12000003,Yorkshire and The Humber,region,2020-09-14,356,3,,
E12000003,Yorkshire and The Humber,region,2020-09-13,413,3,,
E12000003,Yorkshire and The Humber,region,2020-09-12,418,3,,
E12000003,Yorkshire and The Humber,region,2020-09-11,387,2,,
E12000003,Yorkshire and The Humber,region,2020-09-10,343,2,,
E12000003,Yorkshire and The Humber,region,2020-09-09,294,3,,
E12000003,Yorkshire and The Humber,region,2020-09-08,297,1,,
E12000003,Yorkshire and The Humber,region,2020-09-07,349,1,,
E12000003,Yorkshire and The Humber,region,2020-09-06,371,0,,
E12000003,Yorkshire and The Humber,region,2020-09-05,165,3,,
E12000003,Yorkshire and The Humber,region,2020-09-04,175,1,,
E12000003,Yorkshire and The Humber,region,2020-09-03,243,1,,
E12000003,Yorkshire and The Humber,region,2020-09-02,191,3,,
E12000003,Yorkshire and The Humber,region,2020-09-01,117,1,,
E12000003,Yorkshire and The Humber,region,2020-08-31,167,1,,
E12000003,Yorkshire and The Humber,region,2020-08-30,182,1,,
E12000003,Yorkshire and The Humber,region,2020-08-29,147,2,,
E12000003,Yorkshire and The Humber,region,2020-08-28,129,1,,
E12000003,Yorkshire and The Humber,region,2020-08-27,197,1,,
E12000003,Yorkshire and The Humber,region,2020-08-26,113,1,,
E12000003,Yorkshire and The Humber,region,2020-08-25,132,1,,
E12000003,Yorkshire and The Humber,region,2020-08-24,81,0,,
E12000003,Yorkshire and The Humber,region,2020-08-23,121,2,,
E12000003,Yorkshire and The Humber,region,2020-08-22,145,1,,
E12000003,Yorkshire and The Humber,region,2020-08-21,102,2,,
E12000003,Yorkshire and The Humber,region,2020-08-20,143,1,,
E12000003,Yorkshire and The Humber,region,2020-08-19,102,0,,
E12000003,Yorkshire and The Humber,region,2020-08-18,161,0,,
E12000003,Yorkshire and The Humber,region,2020-08-17,84,3,,
E12000003,Yorkshire and The Humber,region,2020-08-16,133,1,,
E12000003,Yorkshire and The Humber,region,2020-08-15,166,1,,
E12000003,Yorkshire and The Humber,region,2020-08-14,350,0,,
E12000003,Yorkshire and The Humber,region,2020-08-13,0,1,,
E12000003,Yorkshire and The Humber,region,2020-08-12,190,2,,
E12000003,Yorkshire and The Humber,region,2020-08-11,163,0,,
E12000003,Yorkshire and The Humber,region,2020-08-10,127,2,,
E12000003,Yorkshire and The Humber,region,2020-08-09,173,2,,
E12000003,Yorkshire and The Humber,region,2020-08-08,63,1,,
E12000003,Yorkshire and The Humber,region,2020-08-07,150,0,,
E12000003,Yorkshire and The Humber,region,2020-08-06,106,3,,
E12000003,Yorkshire and The Humber,region,2020-08-05,146,0,,
E12000003,Yorkshire and The Humber,region,2020-08-04,91,2,,
E12000003,Yorkshire and The Humber,region,2020-08-03,148,2,,
E12000003,Yorkshire and The Humber,region,2020-08-02,105,1,,
E12000003,Yorkshire and The Humber,region,2020-08-01,106,3,,
E12000003,Yorkshire and The Humber,region,2020-07-31,147,0,,
E12000003,Yorkshire and The Humber,region,2020-07-30,142,0,,
E12000003,Yorkshire and The Humber,region,2020-07-29,128,0,,
E12000003,Yorkshire and The Humber,region,2020-07-28,110,2,,
E12000003,Yorkshire and The Humber,region,2020-07-27,100,1,,
E12000003,Yorkshire and The Humber,region,2020-07-26,102,2,,
E12000003,Yorkshire and The Humber,region,2020-07-25,109,2,,
E12000003,Yorkshire and The Humber,region,2020-07-24,102,3,,
E12000003,Yorkshire and The Humber,region,2020-07-23,86,3,,
E12000003,Yorkshire and The Humber,region,2020-07-22,109,3,,
E12000003,Yorkshire and The Humber,region,2020-07-21,82,3,,
E12000003,Yorkshire and The Humber,region,2020-07-20,123,0,,
E12000003,Yorkshire and The Humber,region,2020-07-19,100,1,,
E12000003,Yorkshire and The Humber,region,2020-07-18,100,4,,
E12000003,Yorkshire and The Humber,region,2020-07-17,105,2,,
E12000003,Yorkshire and The Humber,region,2020-07-16,132,1,,
E12000003,Yorkshire and The Humber,region,2020-07-15,121,2,,
E12000003,Yorkshire and The Humber,region,2020-07-14,77,3,,
E12000003,Yorkshire and The Humber,region,2020-07-13,101,2,,
E12000003,Yorkshire and The Humber,region,2020-07-12,114,3,,
E12000003,Yorkshire and The Humber,region,2020-07-11,129,1,,
E12000003,Yorkshire and The Humber,region,2020-07-10,88,4,,
E12000003,Yorkshire and The Humber,region,2020-07-09,107,0,,
E12000003,Yorkshire and The Humber,region,2020-07-08,115,5,,
E12000003,Yorkshire and The Humber,region,2020-07-07,91,4,,
E12000003,Yorkshire and The Humber,region,2020-07-06,72,4,,
E12000003,Yorkshire and The Humber,region,2020-07-05,90,2,,
E12000003,Yorkshire and The Humber,region,2020-07-04,110,2,,
E12000003,Yorkshire and The Humber,region,2020-07-03,133,7,,
E12000003,Yorkshire and The Humber,region,2020-07-02,120,8,,
E12000003,Yorkshire and The Humber,region,2020-07-01,13426,3,,
E12000003,Yorkshire and The Humber,region,2020-06-30,7,9,,
E12000003,Yorkshire and The Humber,region,2020-06-29,17,3,,
E12000003,Yorkshire and The Humber,region,2020-06-28,21,5,,
E12000003,Yorkshire and The Humber,region,2020-06-27,24,4,,
E12000003,Yorkshire and The Humber,region,2020-06-26,33,7,,
E12000003,Yorkshire and The Humber,region,2020-06-25,28,4,,
E12000003,Yorkshire and The Humber,region,2020-06-24,16,12,,
E12000003,Yorkshire and The Humber,region,2020-06-23,23,7,,
E12000003,Yorkshire and The Humber,region,2020-06-22,33,8,,
E12000003,Yorkshire and The Humber,region,2020-06-21,24,6,,
E12000003,Yorkshire and The Humber,region,2020-06-20,35,6,,
E12000003,Yorkshire and The Humber,region,2020-06-19,40,4,,
E12000003,Yorkshire and The Humber,region,2020-06-18,29,10,,
E12000003,Yorkshire and The Humber,region,2020-06-17,47,5,,
E12000003,Yorkshire and The Humber,region,2020-06-16,22,6,,
E12000003,Yorkshire and The Humber,region,2020-06-15,40,10,,
E12000003,Yorkshire and The Humber,region,2020-06-14,24,11,,
E12000003,Yorkshire and The Humber,region,2020-06-13,43,9,,
E12000003,Yorkshire and The Humber,region,2020-06-12,62,10,,
E12000003,Yorkshire and The Humber,region,2020-06-11,27,10,,
E12000003,Yorkshire and The Humber,region,2020-06-10,37,18,,
E12000003,Yorkshire and The Humber,region,2020-06-09,66,13,,
E12000003,Yorkshire and The Humber,region,2020-06-08,10,12,,
E12000003,Yorkshire and The Humber,region,2020-06-07,16,12,,
E12000003,Yorkshire and The Humber,region,2020-06-06,68,18,,
E12000003,Yorkshire and The Humber,region,2020-06-05,53,12,,
E12000003,Yorkshire and The Humber,region,2020-06-04,68,14,,
E12000003,Yorkshire and The Humber,region,2020-06-03,66,20,,
E12000003,Yorkshire and The Humber,region,2020-06-02,47,23,,
E12000003,Yorkshire and The Humber,region,2020-06-01,40,24,,
E12000003,Yorkshire and The Humber,region,2020-05-31,34,22,,
E12000003,Yorkshire and The Humber,region,2020-05-30,63,27,,
E12000003,Yorkshire and The Humber,region,2020-05-29,67,20,,
E12000003,Yorkshire and The Humber,region,2020-05-28,83,27,,
E12000003,Yorkshire and The Humber,region,2020-05-27,77,25,,
E12000003,Yorkshire and The Humber,region,2020-05-26,66,21,,
E12000003,Yorkshire and The Humber,region,2020-05-25,47,31,,
E12000003,Yorkshire and The Humber,region,2020-05-24,63,24,,
E12000003,Yorkshire and The Humber,region,2020-05-23,95,23,,
E12000003,Yorkshire and The Humber,region,2020-05-22,87,27,,
E12000003,Yorkshire and The Humber,region,2020-05-21,100,27,,
E12000003,Yorkshire and The Humber,region,2020-05-20,118,29,,
E12000003,Yorkshire and The Humber,region,2020-05-19,90,25,,
E12000003,Yorkshire and The Humber,region,2020-05-18,113,33,,
E12000003,Yorkshire and The Humber,region,2020-05-17,110,23,,
E12000003,Yorkshire and The Humber,region,2020-05-16,133,34,,
E12000003,Yorkshire and The Humber,region,2020-05-15,151,43,,
E12000003,Yorkshire and The Humber,region,2020-05-14,133,40,,
E12000003,Yorkshire and The Humber,region,2020-05-13,141,36,,
E12000003,Yorkshire and The Humber,region,2020-05-12,143,28,,
E12000003,Yorkshire and The Humber,region,2020-05-11,108,29,,
E12000003,Yorkshire and The Humber,region,2020-05-10,128,47,,
E12000003,Yorkshire and The Humber,region,2020-05-09,160,37,,
E12000003,Yorkshire and The Humber,region,2020-05-08,221,46,,
E12000003,Yorkshire and The Humber,region,2020-05-07,272,58,,
E12000003,Yorkshire and The Humber,region,2020-05-06,179,51,,
E12000003,Yorkshire and The Humber,region,2020-05-05,316,51,,
E12000003,Yorkshire and The Humber,region,2020-05-04,179,54,,
E12000003,Yorkshire and The Humber,region,2020-05-03,205,46,,
E12000003,Yorkshire and The Humber,region,2020-05-02,344,56,,
E12000003,Yorkshire and The Humber,region,2020-05-01,244,56,,
E12000003,Yorkshire and The Humber,region,2020-04-30,345,58,,
E12000003,Yorkshire and The Humber,region,2020-04-29,166,72,,
E12000003,Yorkshire and The Humber,region,2020-04-28,277,58,,
E12000003,Yorkshire and The Humber,region,2020-04-27,331,67,,
E12000003,Yorkshire and The Humber,region,2020-04-26,232,63,,
E12000003,Yorkshire and The Humber,region,2020-04-25,333,62,,
E12000003,Yorkshire and The Humber,region,2020-04-24,398,71,,
E12000003,Yorkshire and The Humber,region,2020-04-23,246,53,,
E12000003,Yorkshire and The Humber,region,2020-04-22,400,68,,
E12000003,Yorkshire and The Humber,region,2020-04-21,251,65,,
E12000003,Yorkshire and The Humber,region,2020-04-20,150,72,,
E12000003,Yorkshire and The Humber,region,2020-04-19,257,65,,
E12000003,Yorkshire and The Humber,region,2020-04-18,370,63,,
E12000003,Yorkshire and The Humber,region,2020-04-17,315,71,,
E12000003,Yorkshire and The Humber,region,2020-04-16,,83,,
E12000003,Yorkshire and The Humber,region,2020-04-15,,81,,
E12000003,Yorkshire and The Humber,region,2020-04-14,,63,,
E12000003,Yorkshire and The Humber,region,2020-04-13,,63,,
E12000003,Yorkshire and The Humber,region,2020-04-12,,62,,
E12000003,Yorkshire and The Humber,region,2020-04-11,,58,,
E12000003,Yorkshire and The Humber,region,2020-04-10,,72,,
E12000003,Yorkshire and The Humber,region,2020-04-09,,70,,
E12000003,Yorkshire and The Humber,region,2020-04-08,,76,,
E12000003,Yorkshire and The Humber,region,2020-04-07,,59,,
E12000003,Yorkshire and The Humber,region,2020-04-06,,57,,
E12000003,Yorkshire and The Humber,region,2020-04-05,,52,,
E12000003,Yorkshire and The Humber,region,2020-04-04,,71,,
E12000003,Yorkshire and The Humber,region,2020-04-03,,52,,
E12000003,Yorkshire and The Humber,region,2020-04-02,,41,,
E12000003,Yorkshire and The Humber,region,2020-04-01,,42,,
E12000003,Yorkshire and The Humber,region,2020-03-31,,36,,
E12000003,Yorkshire and The Humber,region,2020-03-30,,30,,
E12000003,Yorkshire and The Humber,region,2020-03-29,,27,,
E12000003,Yorkshire and The Humber,region,2020-03-28,,23,,
E12000003,Yorkshire and The Humber,region,2020-03-27,,19,,
E12000003,Yorkshire and The Humber,region,2020-03-26,,15,,
E12000003,Yorkshire and The Humber,region,2020-03-25,,9,,
E12000003,Yorkshire and The Humber,region,2020-03-24,,7,,
E12000003,Yorkshire and The Humber,region,2020-03-23,,6,,
E12000003,Yorkshire and The Humber,region,2020-03-22,,2,,
E12000003,Yorkshire and The Humber,region,2020-03-21,,2,,
E12000003,Yorkshire and The Humber,region,2020-03-20,,2,,
E12000003,Yorkshire and The Humber,region,2020-03-19,,1,,
E12000003,Yorkshire and The Humber,region,2020-03-18,,2,,
E12000003,Yorkshire and The Humber,region,2020-03-17,,2,,
E12000003,Yorkshire and The Humber,region,2020-03-16,,2,,
E12000003,Yorkshire and The Humber,region,2020-03-15,,2,,
E12000003,Yorkshire and The Humber,region,2020-03-14,,0,,
E12000003,Yorkshire and The Humber,region,2020-03-13,,0,,
E12000003,Yorkshire and The Humber,region,2020-03-12,,1,,
